SKU,PRODUCT,NAME
17989,3357,PLAYERA CUELLO REDONDO
17993,3358,PLAYERA CUELLO REDONDO
32373,5720,PLAYERA CUELLO REDONDO
32375,5720,PLAYERA CUELLO REDONDO
32376,5720,PLAYERA CUELLO REDONDO
32378,5721,PLAYERA CUELLO REDONDO
30307,5312,PLAYERA CUELLO REDONDO
32648,5784,PLAYERA CUELLO REDONDO
32650,5784,PLAYERA CUELLO REDONDO
32649,5784,PLAYERA CUELLO REDONDO
31369,5497,PLAYERA CUELLO REDONDO
31370,5497,PLAYERA CUELLO REDONDO
32654,5785,PLAYERA CUELLO REDONDO
32653,5785,PLAYERA CUELLO REDONDO
32655,5785,PLAYERA CUELLO REDONDO
32772,5808,PLAYERA CUELLO REDONDO
32771,5808,PLAYERA CUELLO REDONDO
32773,5808,PLAYERA CUELLO REDONDO
31381,5500,PLAYERA CUELLO REDONDO
31383,5500,PLAYERA CUELLO REDONDO
31384,5500,PLAYERA CUELLO REDONDO
31108,5454,PLAYERA CUELLO REDONDO
30937,5418,PLAYERA CUELLO REDONDO
31399,5504,PLAYERA CUELLO REDONDO
31398,5504,PLAYERA CUELLO REDONDO
31400,5504,PLAYERA CUELLO REDONDO
31403,5505,PLAYERA CUELLO REDONDO
32384,5722,PLAYERA CUELLO REDONDO
32121,5653,PLAYERA CUELLO REDONDO
32122,5653,PLAYERA CUELLO REDONDO
30942,5420,PLAYERA CUELLO REDONDO
30944,5420,PLAYERA CUELLO REDONDO
30949,5421,PLAYERA CUELLO REDONDO
32658,5786,PLAYERA CUELLO REDONDO
32657,5786,PLAYERA CUELLO REDONDO
32659,5786,PLAYERA CUELLO REDONDO
32660,5786,PLAYERA CUELLO REDONDO
32662,5786,PLAYERA CUELLO REDONDO
32661,5786,PLAYERA CUELLO REDONDO
32663,5786,PLAYERA CUELLO REDONDO
32670,5788,PLAYERA CUELLO REDONDO
32669,5788,PLAYERA CUELLO REDONDO
32671,5788,PLAYERA CUELLO REDONDO
31413,5508,PLAYERA CUELLO REDONDO
32145,5659,PLAYERA CUELLO REDONDO
32144,5659,PLAYERA CUELLO REDONDO
32146,5659,PLAYERA CUELLO REDONDO
32150,5660,PLAYERA CUELLO REDONDO
33503,5972,PLAYERA CUELLO REDONDO
33505,5972,PLAYERA CUELLO REDONDO
33504,5972,PLAYERA CUELLO REDONDO
32395,5726,PLAYERA CUELLO REDONDO
32397,5726,PLAYERA CUELLO REDONDO
32396,5726,PLAYERA CUELLO REDONDO
32178,5666,PLAYERA CUELLO REDONDO
32180,5666,PLAYERA CUELLO REDONDO
32179,5666,PLAYERA CUELLO REDONDO
32181,5667,PLAYERA CUELLO REDONDO
32183,5667,PLAYERA CUELLO REDONDO
32182,5667,PLAYERA CUELLO REDONDO
17179,3225,SUDADERA CAPUCHA
17178,3225,SUDADERA CAPUCHA
34563,6104,PLAYERA CUELLO REDONDO
36803,35059,PLAYERA
36804,35059,PLAYERA
36805,35059,PLAYERA
36806,35059,PLAYERA
36807,35060,PLAYERA
36808,35060,PLAYERA
36809,35060,PLAYERA
36810,35060,PLAYERA
36811,35061,PLAYERA
36812,35061,PLAYERA
36813,35061,PLAYERA
36814,35061,PLAYERA
36815,35062,PLAYERA
36816,35062,PLAYERA
36817,35062,PLAYERA
36818,35062,PLAYERA
34576,6108,PLAYERA CUELLO REDONDO
34578,6108,PLAYERA CUELLO REDONDO
34577,6108,PLAYERA CUELLO REDONDO
34580,6109,PLAYERA CUELLO REDONDO
34581,6109,PLAYERA CUELLO REDONDO
34583,6109,PLAYERA CUELLO REDONDO
34586,6110,PLAYERA CUELLO REDONDO
34587,6110,PLAYERA CUELLO REDONDO
34588,6111,PLAYERA CUELLO REDONDO
34589,6111,PLAYERA CUELLO REDONDO
34591,6111,PLAYERA CUELLO REDONDO
34592,6112,PLAYERA CUELLO REDONDO
34594,6112,PLAYERA CUELLO REDONDO
34595,6112,PLAYERA CUELLO REDONDO
34596,6113,PLAYERA CUELLO REDONDO
34598,6113,PLAYERA CUELLO REDONDO
34597,6113,PLAYERA CUELLO REDONDO
34599,6113,PLAYERA CUELLO REDONDO
34600,6114,PLAYERA CUELLO REDONDO
34601,6114,PLAYERA CUELLO REDONDO
34603,6114,PLAYERA CUELLO REDONDO
36819,35063,PLAYERA
36820,35063,PLAYERA
36821,35063,PLAYERA
36822,35063,PLAYERA
36823,35064,PLAYERA
36824,35064,PLAYERA
36825,35064,PLAYERA
36826,35064,PLAYERA
36827,35065,PLAYERA
36828,35065,PLAYERA
36829,35065,PLAYERA
36830,35065,PLAYERA
33449,5954,PLAYERA CUELLO REDONDO
35315,34843,PLAYERA CUELLO REDONDO
35316,34843,PLAYERA CUELLO REDONDO
34610,6116,PLAYERA CUELLO REDONDO
34609,6116,PLAYERA CUELLO REDONDO
34611,6116,PLAYERA CUELLO REDONDO
34612,6117,PLAYERA CUELLO REDONDO
34614,6117,PLAYERA CUELLO REDONDO
34613,6117,PLAYERA CUELLO REDONDO
34615,6117,PLAYERA CUELLO REDONDO
35328,6118,PLAYERA CUELLO REDONDO
35330,6118,PLAYERA CUELLO REDONDO
35329,6118,PLAYERA CUELLO REDONDO
35331,6118,PLAYERA CUELLO REDONDO
35317,34844,PLAYERA CUELLO REDONDO
35319,34844,PLAYERA CUELLO REDONDO
35318,34844,PLAYERA CUELLO REDONDO
35320,34844,PLAYERA CUELLO REDONDO
34620,6119,PLAYERA CUELLO REDONDO
34622,6119,PLAYERA CUELLO REDONDO
34621,6119,PLAYERA CUELLO REDONDO
34623,6119,PLAYERA CUELLO REDONDO
36831,35066,PLAYERA
36832,35066,PLAYERA
36833,35066,PLAYERA
36834,35066,PLAYERA
34624,6120,PLAYERA CUELLO REDONDO
34626,6120,PLAYERA CUELLO REDONDO
34627,6120,PLAYERA CUELLO REDONDO
35989,34952,PLAYERA
35990,34952,PLAYERA
35991,34952,PLAYERA
35992,34952,PLAYERA
36835,35067,PLAYERA
36836,35067,PLAYERA
36837,35067,PLAYERA
36838,35067,PLAYERA
36839,35068,PLAYERA
36840,35068,PLAYERA
36841,35068,PLAYERA
36842,35068,PLAYERA
35323,34845,PLAYERA CUELLO REDONDO
36652,35038,PLAYERA SLIM
36653,35038,PLAYERA SLIM
36654,35038,PLAYERA SLIM
36655,35038,PLAYERA SLIM
36673,35044,PLAYERA SLIM
36674,35044,PLAYERA SLIM
36675,35044,PLAYERA SLIM
36676,35044,PLAYERA SLIM
36659,35040,PLAYERA SLIM
36660,35040,PLAYERA SLIM
36661,35040,PLAYERA SLIM
36662,35040,PLAYERA SLIM
36666,35042,PLAYERA SLIM
36667,35042,PLAYERA SLIM
36668,35042,PLAYERA SLIM
36669,35042,PLAYERA SLIM
34630,6121,PLAYERA CUELLO REDONDO
34634,6121,PLAYERA CUELLO REDONDO
34635,6121,PLAYERA CUELLO REDONDO
34644,6124,PLAYERA CUELLO REDONDO
34647,6124,PLAYERA CUELLO REDONDO
35700,34915,PLAYERA REGULAR
35702,34916,PLAYERA REGULAR
35703,34916,PLAYERA REGULAR
35704,34916,PLAYERA REGULAR
35480,34877,PLAYERA CUELLO REDONDO
35706,34917,PLAYERA SLIM
35707,34917,PLAYERA SLIM
35708,34917,PLAYERA SLIM
35709,34917,PLAYERA SLIM
36843,35069,PLAYERA REGULAR FIT
36844,35069,PLAYERA REGULAR FIT
36845,35069,PLAYERA REGULAR FIT
36846,35069,PLAYERA REGULAR FIT
35710,34918,PLAYERA
35711,34918,PLAYERA
35713,34918,PLAYERA
36847,35069,PLAYERA REGULAR FIT
36848,35069,PLAYERA REGULAR FIT
36849,35069,PLAYERA REGULAR FIT
36850,35069,PLAYERA REGULAR FIT
36851,35069,PLAYERA REGULAR FIT
36852,35069,PLAYERA REGULAR FIT
36853,35069,PLAYERA REGULAR FIT
36854,35069,PLAYERA REGULAR FIT
36855,35069,PLAYERA REGULAR FIT
36856,35069,PLAYERA REGULAR FIT
36857,35069,PLAYERA REGULAR FIT
36858,35069,PLAYERA REGULAR FIT
36859,35070,PLAYERA MUSCLE FIT
36860,35070,PLAYERA MUSCLE FIT
36861,35070,PLAYERA MUSCLE FIT
36862,35070,PLAYERA MUSCLE FIT
36863,35071,PLAYERA MUSCLE FIT
36864,35071,PLAYERA MUSCLE FIT
36865,35071,PLAYERA MUSCLE FIT
36866,35071,PLAYERA MUSCLE FIT
36867,35072,PLAYERA SLIM
36868,35072,PLAYERA SLIM
36869,35072,PLAYERA SLIM
36870,35072,PLAYERA SLIM
36871,35073,PLAYERA SLIM
36872,35073,PLAYERA SLIM
36873,35073,PLAYERA SLIM
36874,35073,PLAYERA SLIM
36875,35074,PLAYERA SLIM
36876,35074,PLAYERA SLIM
36877,35074,PLAYERA SLIM
36878,35074,PLAYERA SLIM
36879,35075,PLAYERA SLIM FIT
36880,35075,PLAYERA SLIM FIT
36881,35075,PLAYERA SLIM FIT
36882,35075,PLAYERA SLIM FIT
36883,35076,PLAYERA SLIM FIT
36884,35076,PLAYERA SLIM FIT
36885,35076,PLAYERA SLIM FIT
36886,35076,PLAYERA SLIM FIT
36887,35077,PLAYERA SLIM FIT
36888,35077,PLAYERA SLIM FIT
36889,35077,PLAYERA SLIM FIT
36890,35077,PLAYERA SLIM FIT
36891,35078,PLAYERA SLIM
36892,35078,PLAYERA SLIM
36893,35078,PLAYERA SLIM
36894,35078,PLAYERA SLIM
36895,35079,PLAYERA SLIM FIT
36896,35079,PLAYERA SLIM FIT
36897,35079,PLAYERA SLIM FIT
36898,35079,PLAYERA SLIM FIT
35714,34919,PLAYERA
35715,34919,PLAYERA
35722,34919,PLAYERA
35723,34919,PLAYERA
35725,34919,PLAYERA
35727,34919,PLAYERA
36899,35080,PLAYERA MUSCLE FIT
36900,35080,PLAYERA MUSCLE FIT
36901,35080,PLAYERA MUSCLE FIT
36902,35080,PLAYERA MUSCLE FIT
36249,34986,PLAYERA LONG FIT
36250,34986,PLAYERA LONG FIT
36251,34986,PLAYERA LONG FIT
34106,6047,PLAYERA CUELLO REDONDO
34107,6047,PLAYERA CUELLO REDONDO
34119,6050,PLAYERA CUELLO REDONDO
34120,6051,PLAYERA CUELLO REDONDO
34123,6051,PLAYERA CUELLO REDONDO
34650,6125,PLAYERA CUELLO REDONDO
34649,6125,PLAYERA CUELLO REDONDO
34651,6125,PLAYERA CUELLO REDONDO
35551,34891,PLAYERA SLIM FIT
35553,34891,PLAYERA SLIM FIT
36903,35081,PLAYERA SLIM FIT
36904,35081,PLAYERA SLIM FIT
36905,35081,PLAYERA SLIM FIT
36906,35081,PLAYERA SLIM FIT
35455,34870,PLAYERA SLIM FIT
35457,34870,PLAYERA SLIM FIT
35456,34870,PLAYERA SLIM FIT
35458,34870,PLAYERA SLIM FIT
35459,34871,PLAYERA SLIM FIT
35461,34871,PLAYERA SLIM FIT
35460,34871,PLAYERA SLIM FIT
35462,34871,PLAYERA SLIM FIT
35463,34872,PLAYERA SLIM FIT
35465,34872,PLAYERA SLIM FIT
35464,34872,PLAYERA SLIM FIT
35466,34872,PLAYERA SLIM FIT
36907,35082,PLAYERA
36908,35082,PLAYERA
36909,35082,PLAYERA
36910,35082,PLAYERA
36911,35082,PLAYERA
36912,35082,PLAYERA
36913,35082,PLAYERA
36914,35082,PLAYERA
36915,35082,PLAYERA
36916,35082,PLAYERA
36917,35082,PLAYERA
36918,35082,PLAYERA
36919,35083,PLAYERA
36920,35083,PLAYERA
36921,35083,PLAYERA
36922,35083,PLAYERA
36923,35083,PLAYERA
36924,35083,PLAYERA
36925,35084,PLAYERA
36926,35084,PLAYERA
36927,35084,PLAYERA
36928,35084,PLAYERA
36929,35084,PLAYERA
36930,35084,PLAYERA
36931,35085,PLAYERA
36932,35085,PLAYERA
36933,35085,PLAYERA
36934,35085,PLAYERA
36935,35085,PLAYERA
36936,35085,PLAYERA
36937,35086,PLAYERA
36938,35086,PLAYERA
36939,35086,PLAYERA
36940,35086,PLAYERA
36941,35086,PLAYERA
36942,35086,PLAYERA
36943,35086,PLAYERA
36944,35086,PLAYERA
36945,35086,PLAYERA
36946,35087,PLAYERA
36947,35087,PLAYERA
36948,35087,PLAYERA
36949,35087,PLAYERA
36950,35087,PLAYERA
36951,35087,PLAYERA
36952,35087,PLAYERA
36953,35087,PLAYERA
36954,35087,PLAYERA
36955,35087,PLAYERA
36956,35087,PLAYERA
36957,35087,PLAYERA
36958,35088,PLAYERA SLIM
36959,35088,PLAYERA SLIM
36960,35088,PLAYERA SLIM
36961,35088,PLAYERA SLIM
36962,35088,PLAYERA SLIM
36963,35088,PLAYERA SLIM
36964,35088,PLAYERA SLIM
36965,35088,PLAYERA SLIM
36966,35088,PLAYERA SLIM
36967,35088,PLAYERA SLIM
36968,35088,PLAYERA SLIM
36969,35088,PLAYERA SLIM
36970,35088,PLAYERA SLIM
36971,35088,PLAYERA SLIM
36972,35088,PLAYERA SLIM
36973,35088,PLAYERA SLIM
36974,35088,PLAYERA SLIM
36975,35088,PLAYERA SLIM
36976,35088,PLAYERA SLIM
36977,35088,PLAYERA SLIM
36253,34987,PLAYERA REGULAR
36254,34987,PLAYERA REGULAR
36255,34987,PLAYERA REGULAR
36256,34987,PLAYERA REGULAR
36257,34987,PLAYERA REGULAR
36258,34987,PLAYERA REGULAR
36259,34987,PLAYERA REGULAR
36260,34987,PLAYERA REGULAR
36261,34988,PLAYERA REGULAR
36262,34988,PLAYERA REGULAR
36263,34988,PLAYERA REGULAR
36264,34988,PLAYERA REGULAR
36265,34988,PLAYERA REGULAR
36266,34988,PLAYERA REGULAR
36267,34988,PLAYERA REGULAR
36268,34988,PLAYERA REGULAR
36269,34989,PLAYERA REGULAR
36270,34989,PLAYERA REGULAR
36271,34989,PLAYERA REGULAR
36272,34989,PLAYERA REGULAR
36273,34989,PLAYERA REGULAR
36274,34989,PLAYERA REGULAR
36275,34989,PLAYERA REGULAR
36276,34989,PLAYERA REGULAR
36978,35089,PLAYERA REGULAR
36979,35089,PLAYERA REGULAR
36980,35089,PLAYERA REGULAR
36981,35089,PLAYERA REGULAR
36277,34989,PLAYERA REGULAR
36278,34989,PLAYERA REGULAR
36279,34989,PLAYERA REGULAR
36280,34989,PLAYERA REGULAR
36281,34990,PLAYERA REGULAR
36282,34990,PLAYERA REGULAR
36283,34990,PLAYERA REGULAR
36284,34990,PLAYERA REGULAR
36285,34990,PLAYERA REGULAR
36286,34990,PLAYERA REGULAR
36287,34990,PLAYERA REGULAR
36288,34990,PLAYERA REGULAR
36289,34991,PLAYERA REGULAR
36290,34991,PLAYERA REGULAR
36291,34991,PLAYERA REGULAR
36292,34991,PLAYERA REGULAR
36293,34991,PLAYERA REGULAR
36294,34991,PLAYERA REGULAR
36295,34991,PLAYERA REGULAR
36296,34991,PLAYERA REGULAR
36297,34991,PLAYERA REGULAR
36298,34991,PLAYERA REGULAR
36299,34991,PLAYERA REGULAR
36300,34991,PLAYERA REGULAR
29034,5186,PLAYERA CUELLO REDONDO
29036,5186,PLAYERA CUELLO REDONDO
29038,5186,PLAYERA CUELLO REDONDO
29039,5186,PLAYERA CUELLO REDONDO
29043,5186,PLAYERA CUELLO REDONDO
29044,5186,PLAYERA CUELLO REDONDO
29048,5186,PLAYERA CUELLO REDONDO
29049,5186,PLAYERA CUELLO REDONDO
29051,5186,PLAYERA CUELLO REDONDO
29053,5186,PLAYERA CUELLO REDONDO
29054,5186,PLAYERA CUELLO REDONDO
34666,6128,PLAYERA CUELLO REDONDO
34667,6128,PLAYERA CUELLO REDONDO
30252,5300,PLAYERA CUELLO REDONDO
30254,5300,PLAYERA CUELLO REDONDO
30253,5300,PLAYERA CUELLO REDONDO
30255,5300,PLAYERA CUELLO REDONDO
30262,5302,PLAYERA CUELLO REDONDO
30264,5302,PLAYERA CUELLO REDONDO
30263,5302,PLAYERA CUELLO REDONDO
30265,5302,PLAYERA CUELLO REDONDO
30269,5303,PLAYERA CUELLO REDONDO
30270,5303,PLAYERA CUELLO REDONDO
30965,5425,PLAYERA CUELLO REDONDO
30969,5425,PLAYERA CUELLO REDONDO
30978,5427,PLAYERA CUELLO REDONDO
30981,5427,PLAYERA CUELLO REDONDO
32195,5670,PLAYERA CUELLO REDONDO
32415,5730,PLAYERA CUELLO REDONDO
31579,5546,PLAYERA CUELLO REDONDO
31583,5547,PLAYERA CUELLO ALTO
31584,5547,PLAYERA CUELLO ALTO
33582,5979,PLAYERA CUELLO REDONDO
31597,5551,PLAYERA CUELLO REDONDO
32743,5803,PLAYERA CUELLO REDONDO
32744,5803,PLAYERA CUELLO REDONDO
31133,5461,PLAYERA CUELLO REDONDO
31136,5461,PLAYERA CUELLO REDONDO
32786,5811,PLAYERA CUELLO REDONDO
32787,5811,PLAYERA CUELLO REDONDO
32789,5811,PLAYERA CUELLO REDONDO
32748,5804,PLAYERA CUELLO REDONDO
32543,5755,PLAYERA CUELLO REDONDO
31616,5555,PLAYERA CUELLO REDONDO
33313,5917,PLAYERA CUELLO REDONDO
33314,5917,PLAYERA CUELLO REDONDO
32949,5852,PLAYERA CUELLO REDONDO
32749,5805,PLAYERA CUELLO REDONDO
32750,5805,PLAYERA CUELLO REDONDO
31628,5558,PLAYERA CUELLO REDONDO
31633,5558,PLAYERA CUELLO REDONDO
31635,5558,PLAYERA CUELLO REDONDO
31636,5558,PLAYERA CUELLO REDONDO
31640,5558,PLAYERA CUELLO REDONDO
31644,5558,PLAYERA CUELLO REDONDO
32952,5853,PLAYERA CUELLO REDONDO
33026,5873,PLAYERA CUELLO REDONDO
33027,5873,PLAYERA CUELLO REDONDO
33034,5875,PLAYERA CUELLO REDONDO
33037,5875,PLAYERA CUELLO REDONDO
33046,5878,PLAYERA CUELLO REDONDO
30996,5430,PLAYERA CUELLO REDONDO
30997,5430,PLAYERA CUELLO REDONDO
31000,5430,PLAYERA CUELLO REDONDO
31004,5431,PLAYERA CUELLO REDONDO
31008,5431,PLAYERA CUELLO REDONDO
31007,5431,PLAYERA CUELLO REDONDO
31009,5431,PLAYERA CUELLO REDONDO
31647,5559,PLAYERA CUELLO REDONDO
31649,5559,PLAYERA CUELLO REDONDO
31651,5559,PLAYERA CUELLO REDONDO
31653,5560,PLAYERA CUELLO REDONDO
35373,34857,PLAYERA CUELLO REDONDO
35378,34857,PLAYERA CUELLO REDONDO
35382,34857,PLAYERA CUELLO REDONDO
32574,5767,PLAYERA
32576,5767,PLAYERA
32575,5767,PLAYERA
32577,5767,PLAYERA
32581,5767,PLAYERA
32584,5767,PLAYERA
32583,5767,PLAYERA
32585,5767,PLAYERA
32792,5812,PLAYERA
32793,5812,PLAYERA
32588,5767,PLAYERA
32587,5767,PLAYERA
32589,5767,PLAYERA
32600,5773,PLAYERA
32601,5773,PLAYERA
32604,5773,PLAYERA
32605,5773,PLAYERA
36983,35090,PLAYERA
36984,35090,PLAYERA
36985,35090,PLAYERA
32839,5823,PLAYERA CUELLO REDONDO
32842,5823,PLAYERA CUELLO REDONDO
32843,5823,PLAYERA CUELLO REDONDO
32797,5813,PLAYERA
34024,6036,PLAYERA CUELLO REDONDO
34026,6036,PLAYERA CUELLO REDONDO
34025,6036,PLAYERA CUELLO REDONDO
34027,6036,PLAYERA CUELLO REDONDO
34030,6036,PLAYERA CUELLO REDONDO
34029,6036,PLAYERA CUELLO REDONDO
34031,6036,PLAYERA CUELLO REDONDO
34032,6036,PLAYERA CUELLO REDONDO
34034,6036,PLAYERA CUELLO REDONDO
34033,6036,PLAYERA CUELLO REDONDO
34036,6036,PLAYERA CUELLO REDONDO
34038,6036,PLAYERA CUELLO REDONDO
34037,6036,PLAYERA CUELLO REDONDO
34039,6036,PLAYERA CUELLO REDONDO
35434,6036,PLAYERA CUELLO REDONDO
35436,6036,PLAYERA CUELLO REDONDO
35435,6036,PLAYERA CUELLO REDONDO
35437,6036,PLAYERA CUELLO REDONDO
36986,35091,PLAYERA
36987,35091,PLAYERA
36988,35091,PLAYERA
36989,35091,PLAYERA
34042,6037,PLAYERA CUELLO REDONDO
34043,6037,PLAYERA CUELLO REDONDO
32498,5741,PLAYERA
32497,5741,PLAYERA
32499,5741,PLAYERA
32500,5742,PLAYERA
32502,5742,PLAYERA
32501,5742,PLAYERA
32503,5742,PLAYERA
32615,5778,PLAYERA
32617,5778,PLAYERA
32616,5778,PLAYERA
32618,5778,PLAYERA
33177,5897,PLAYERA CUELLO REDONDO
34682,6131,PLAYERA CUELLO REDONDO
34685,6132,PLAYERA CUELLO REDONDO
34687,6132,PLAYERA CUELLO REDONDO
34712,6139,PLAYERA CUELLO REDONDO
34722,6141,PLAYERA CUELLO REDONDO
35309,34842,PLAYERA CUELLO REDONDO
35312,34842,PLAYERA CUELLO REDONDO
34727,6142,PLAYERA CUELLO REDONDO
36990,35092,PLAYERA SLIM
36991,35092,PLAYERA SLIM
36992,35092,PLAYERA SLIM
36993,35092,PLAYERA SLIM
33583,5980,SUDADERA CUELLO REDONDO
33585,5980,SUDADERA CUELLO REDONDO
33584,5980,SUDADERA CUELLO REDONDO
36994,35093,SUDADERA
36995,35093,SUDADERA
36996,35093,SUDADERA
36997,35093,SUDADERA
33593,5982,SUDADERA CUELLO REDONDO
35730,34920,SUDADERA CON CAPUCHA
35731,34920,SUDADERA CON CAPUCHA
35732,34920,SUDADERA CON CAPUCHA
35733,34920,SUDADERA CON CAPUCHA
35738,34922,SUDADERA REGULAR
35739,34922,SUDADERA REGULAR
35740,34922,SUDADERA REGULAR
35741,34922,SUDADERA REGULAR
36998,35094,SUDADERA REGULAR
36999,35094,SUDADERA REGULAR
37000,35094,SUDADERA REGULAR
37001,35094,SUDADERA REGULAR
37002,35095,SUDADERA SLIM FIT
37003,35095,SUDADERA SLIM FIT
37004,35095,SUDADERA SLIM FIT
37005,35095,SUDADERA SLIM FIT
35742,34923,SUDADERA
35744,34923,SUDADERA
35745,34923,SUDADERA
36443,35009,SUDADERA
36444,35009,SUDADERA
36445,35009,SUDADERA
36446,35009,SUDADERA
35746,34924,SUDADERA
35747,34924,SUDADERA
35748,34924,SUDADERA
35749,34924,SUDADERA
35750,34925,SUDADERA
35751,34925,SUDADERA
35752,34925,SUDADERA
35753,34925,SUDADERA
35754,34926,SUDADERA
35755,34926,SUDADERA
37006,35096,SUDADERA SLIM FIT
37007,35096,SUDADERA SLIM FIT
37008,35096,SUDADERA SLIM FIT
37009,35096,SUDADERA SLIM FIT
35758,34927,SUDADERA SLIM FIT
35759,34927,SUDADERA SLIM FIT
35760,34927,SUDADERA SLIM FIT
35761,34927,SUDADERA SLIM FIT
35762,34928,SUDADERA SLIM FIT
37010,35097,SUDADERA REGULAR
37011,35097,SUDADERA REGULAR
37012,35097,SUDADERA REGULAR
37013,35097,SUDADERA REGULAR
35997,34954,SUDADERA REGULAR
35998,34954,SUDADERA REGULAR
35999,34954,SUDADERA REGULAR
36000,34954,SUDADERA REGULAR
35766,34929,SUDADERA SLIM
35767,34929,SUDADERA SLIM
35768,34929,SUDADERA SLIM
35769,34929,SUDADERA SLIM
35770,34930,SUDADERA SLIM
35771,34930,SUDADERA SLIM
35774,34931,SUDADERA SLIM
35775,34931,SUDADERA SLIM
35778,34932,SUDADERA SLIM
35779,34932,SUDADERA SLIM
35780,34932,SUDADERA SLIM
35781,34932,SUDADERA SLIM
36302,34992,SUDADERA
36303,34992,SUDADERA
36304,34992,SUDADERA
36306,34992,SUDADERA
36307,34992,SUDADERA
36308,34992,SUDADERA
36310,34992,SUDADERA
36311,34992,SUDADERA
36312,34992,SUDADERA
37014,35098,SUDADERA
37016,35098,SUDADERA
37017,35098,SUDADERA
36004,34955,SUDADERA
36005,34955,SUDADERA
36006,34955,SUDADERA
36447,35010,SUDADERA
36448,35010,SUDADERA
36449,35010,SUDADERA
36450,35010,SUDADERA
36451,35011,SUDADERA
36452,35011,SUDADERA
36453,35011,SUDADERA
36454,35011,SUDADERA
36455,35012,SUDADERA
36456,35012,SUDADERA
36457,35012,SUDADERA
36458,35012,SUDADERA
36459,35013,SUDADERA
36460,35013,SUDADERA
36461,35013,SUDADERA
36009,34956,SUDADERA
36010,34956,SUDADERA
36011,34956,SUDADERA
37018,35099,SUDADERA REGULAR FIT
37019,35099,SUDADERA REGULAR FIT
37020,35099,SUDADERA REGULAR FIT
37021,35099,SUDADERA REGULAR FIT
37022,35100,SUDADERA
37023,35100,SUDADERA
37024,35100,SUDADERA
37025,35100,SUDADERA
37030,35100,SUDADERA
37031,35100,SUDADERA
37032,35100,SUDADERA
37033,35100,SUDADERA
36313,34993,SUDADERA
36314,34993,SUDADERA
36315,34993,SUDADERA
36316,34993,SUDADERA
36317,34993,SUDADERA
36318,34993,SUDADERA
36319,34993,SUDADERA
36320,34993,SUDADERA
36321,34994,SUDADERA
36322,34994,SUDADERA
36323,34994,SUDADERA
36324,34994,SUDADERA
36612,34994,SUDADERA
36613,34994,SUDADERA
36614,34994,SUDADERA
36615,34994,SUDADERA
36616,34994,SUDADERA
36617,34994,SUDADERA
36618,34994,SUDADERA
36619,34994,SUDADERA
36463,35014,SUDADERA
36464,35014,SUDADERA
36465,35014,SUDADERA
36466,35014,SUDADERA
36467,35014,SUDADERA
36468,35014,SUDADERA
36469,35014,SUDADERA
36470,35014,SUDADERA
36471,35014,SUDADERA
36472,35014,SUDADERA
36473,35014,SUDADERA
36474,35014,SUDADERA
37034,35101,SUDADERA
37035,35101,SUDADERA
37036,35101,SUDADERA
37037,35101,SUDADERA
37038,35101,SUDADERA
37039,35101,SUDADERA
37040,35101,SUDADERA
37041,35101,SUDADERA
37042,35101,SUDADERA
37043,35101,SUDADERA
37044,35101,SUDADERA
37045,35101,SUDADERA
36475,35015,SUDADERA
36476,35015,SUDADERA
36477,35015,SUDADERA
36478,35015,SUDADERA
36325,34995,SUDADERA
36326,34995,SUDADERA
36327,34995,SUDADERA
36328,34995,SUDADERA
36620,34995,SUDADERA
36621,34995,SUDADERA
36622,34995,SUDADERA
36623,34995,SUDADERA
36329,34995,SUDADERA
36330,34995,SUDADERA
36331,34995,SUDADERA
36332,34995,SUDADERA
36624,34995,SUDADERA
36625,34995,SUDADERA
36626,34995,SUDADERA
36627,34995,SUDADERA
37046,35102,SUDADERA
37047,35102,SUDADERA
37048,35102,SUDADERA
37049,35102,SUDADERA
37050,35102,SUDADERA
37051,35102,SUDADERA
37052,35102,SUDADERA
37053,35102,SUDADERA
36479,35016,SUDADERA
36480,35016,SUDADERA
36481,35016,SUDADERA
36482,35016,SUDADERA
36483,35017,SUDADERA
36484,35017,SUDADERA
36485,35017,SUDADERA
36486,35017,SUDADERA
36487,35018,SUDADERA
36488,35018,SUDADERA
36489,35018,SUDADERA
36490,35018,SUDADERA
36491,35019,SUDADERA
36492,35019,SUDADERA
36493,35019,SUDADERA
36494,35019,SUDADERA
36495,35020,SUDADERA
36496,35020,SUDADERA
36497,35020,SUDADERA
36498,35020,SUDADERA
29056,5187,SUDADERA CUELLO ALTO
29058,5187,SUDADERA CUELLO ALTO
29057,5187,SUDADERA CUELLO ALTO
29059,5187,SUDADERA CUELLO ALTO
29061,5187,SUDADERA CUELLO ALTO
29063,5187,SUDADERA CUELLO ALTO
29062,5187,SUDADERA CUELLO ALTO
29064,5187,SUDADERA CUELLO ALTO
29066,5187,SUDADERA CUELLO ALTO
29068,5187,SUDADERA CUELLO ALTO
29067,5187,SUDADERA CUELLO ALTO
29069,5187,SUDADERA CUELLO ALTO
29071,5187,SUDADERA CUELLO ALTO
29073,5187,SUDADERA CUELLO ALTO
29072,5187,SUDADERA CUELLO ALTO
29074,5187,SUDADERA CUELLO ALTO
28664,5148,SUDADERA CUELLO ALTO
28666,5148,SUDADERA CUELLO ALTO
28665,5148,SUDADERA CUELLO ALTO
28667,5148,SUDADERA CUELLO ALTO
28669,5148,SUDADERA CUELLO ALTO
28671,5148,SUDADERA CUELLO ALTO
28670,5148,SUDADERA CUELLO ALTO
28672,5148,SUDADERA CUELLO ALTO
29087,5188,SUDADERA CUELLO ALTO
32196,5671,SUDADERA CAPUCHA
37054,35103,SUDADERA CAPUCHA
37055,35103,SUDADERA CAPUCHA
37056,35103,SUDADERA CAPUCHA
37057,35103,SUDADERA CAPUCHA
30383,5328,SUDADERA CAPUCHA
30384,5328,SUDADERA CAPUCHA
30385,5328,SUDADERA CAPUCHA
30386,5328,SUDADERA CAPUCHA
37058,35103,SUDADERA CAPUCHA
37059,35103,SUDADERA CAPUCHA
37060,35103,SUDADERA CAPUCHA
37061,35103,SUDADERA CAPUCHA
37062,35103,SUDADERA CAPUCHA
37063,35103,SUDADERA CAPUCHA
37064,35103,SUDADERA CAPUCHA
37065,35103,SUDADERA CAPUCHA
32976,5859,SUDADERA CUELLO REDONDO
32977,5859,SUDADERA CUELLO REDONDO
32982,5861,SUDADERA CAPUCHA
32984,5861,SUDADERA CAPUCHA
32983,5861,SUDADERA CAPUCHA
32985,5861,SUDADERA CAPUCHA
35786,34933,SUDADERA
35790,34933,SUDADERA
35797,34933,SUDADERA
35798,34933,SUDADERA
35556,34892,SUDADERA CUELLO REDONDO
35557,34892,SUDADERA CUELLO REDONDO
35558,34892,SUDADERA CUELLO REDONDO
35559,34892,SUDADERA CUELLO REDONDO
35560,34892,SUDADERA CUELLO REDONDO
35561,34892,SUDADERA CUELLO REDONDO
35562,34892,SUDADERA CUELLO REDONDO
35563,34892,SUDADERA CUELLO REDONDO
35564,34892,SUDADERA CUELLO REDONDO
35565,34892,SUDADERA CUELLO REDONDO
35566,34892,SUDADERA CUELLO REDONDO
35567,34892,SUDADERA CUELLO REDONDO
35568,34892,SUDADERA CUELLO REDONDO
35569,34892,SUDADERA CUELLO REDONDO
35570,34892,SUDADERA CUELLO REDONDO
35087,6179,SUDADERA CUELLO REDONDO
35088,6179,SUDADERA CUELLO REDONDO
35091,6179,SUDADERA CUELLO REDONDO
35090,6179,SUDADERA CUELLO REDONDO
35092,6179,SUDADERA CUELLO REDONDO
34277,6065,SWEATER  CUELLO ALTO
34276,6065,SWEATER  CUELLO ALTO
34278,6065,SWEATER  CUELLO ALTO
34283,6065,SWEATER  CUELLO ALTO
34285,6065,SWEATER  CUELLO ALTO
34284,6065,SWEATER  CUELLO ALTO
34286,6065,SWEATER  CUELLO ALTO
34287,6065,SWEATER  CUELLO ALTO
34289,6065,SWEATER  CUELLO ALTO
34288,6065,SWEATER  CUELLO ALTO
34290,6065,SWEATER  CUELLO ALTO
34291,6065,SWEATER  CUELLO ALTO
34293,6065,SWEATER  CUELLO ALTO
34292,6065,SWEATER  CUELLO ALTO
34969,6163,SWEATER PLAYERA CUELLO ALTO
34971,6163,SWEATER PLAYERA CUELLO ALTO
33458,5957,PLAYERA CUELLO REDONDO
33461,5958,PLAYERA CUELLO REDONDO
33463,5958,PLAYERA CUELLO REDONDO
33462,5958,PLAYERA CUELLO REDONDO
33464,5959,PLAYERA CUELLO REDONDO
33466,5959,PLAYERA CUELLO REDONDO
34972,6164,PLAYERA CUELLO REDONDO
34974,6164,PLAYERA CUELLO REDONDO
34978,6166,PLAYERA CUELLO REDONDO
34980,6166,PLAYERA CUELLO REDONDO
34297,6066,SWEATER CUELLO REDONDO
36053,34961,PLAYERA
36055,34961,PLAYERA
36583,35034,PLAYERA
36584,35034,PLAYERA
36585,35034,PLAYERA
36586,35034,PLAYERA
37225,35128,PLAYERA
37226,35128,PLAYERA
37227,35128,PLAYERA
37228,35128,PLAYERA
37229,35128,PLAYERA
37230,35128,PLAYERA
36371,34999,PLAYERA
36372,34999,PLAYERA
36373,34999,PLAYERA
37231,35129,PLAYERA
37232,35129,PLAYERA
37233,35129,PLAYERA
37234,35129,PLAYERA
37235,35129,PLAYERA
37236,35129,PLAYERA
37237,35129,PLAYERA
37238,35129,PLAYERA
37239,35129,PLAYERA
35907,34944,PLAYERA
36056,34962,PLAYERA
36057,34962,PLAYERA
36166,34980,SWEATER
35908,34945,PLAYERA
35909,34945,PLAYERA
36155,34945,PLAYERA
36156,34945,PLAYERA
35910,34946,PLAYERA
35911,34946,PLAYERA
36157,34946,PLAYERA
36158,34946,PLAYERA
36058,34963,PLAYERA
36059,34963,PLAYERA
36060,34963,PLAYERA
36061,34963,PLAYERA
36062,34963,PLAYERA
35651,34906,PLAYERA
35652,34906,PLAYERA
35653,34906,PLAYERA
36159,34906,PLAYERA
36160,34906,PLAYERA
36628,35000,PLAYERA
36629,35000,PLAYERA
36375,35000,PLAYERA
36376,35000,PLAYERA
36630,35000,PLAYERA
36631,35000,PLAYERA
36377,35000,PLAYERA
36378,35000,PLAYERA
36379,35000,PLAYERA
36380,35000,PLAYERA
36632,35000,PLAYERA
36633,35000,PLAYERA
36634,35001,PLAYERA
36635,35001,PLAYERA
36381,35001,PLAYERA
36382,35001,PLAYERA
36636,35001,PLAYERA
36637,35001,PLAYERA
36383,35001,PLAYERA
36384,35001,PLAYERA
36638,35001,PLAYERA
36639,35001,PLAYERA
36640,35001,PLAYERA
36641,35001,PLAYERA
36642,35002,PLAYERA
36643,35002,PLAYERA
36644,35002,PLAYERA
36645,35002,PLAYERA
36646,35002,PLAYERA
36647,35002,PLAYERA
36648,35002,PLAYERA
36649,35002,PLAYERA
36385,35002,PLAYERA
36386,35002,PLAYERA
36650,35002,PLAYERA
36651,35002,PLAYERA
37240,35130,PLAYERA
37241,35130,PLAYERA
37242,35130,PLAYERA
37243,35130,PLAYERA
37244,35130,PLAYERA
37245,35130,PLAYERA
37246,35130,PLAYERA
37247,35130,PLAYERA
37248,35130,PLAYERA
37249,35130,PLAYERA
37250,35130,PLAYERA
37251,35130,PLAYERA
36387,35003,PLAYERA
36388,35003,PLAYERA
36389,35003,PLAYERA
36390,35003,PLAYERA
36391,35003,PLAYERA
36392,35003,PLAYERA
36393,35003,PLAYERA
36394,35003,PLAYERA
36395,35003,PLAYERA
36396,35003,PLAYERA
37252,35131,PLAYERA
37253,35131,PLAYERA
37254,35131,PLAYERA
37255,35131,PLAYERA
37256,35131,PLAYERA
37257,35131,PLAYERA
37258,35132,PLAYERA
37259,35132,PLAYERA
37260,35132,PLAYERA
36587,35035,PLAYERA
36588,35035,PLAYERA
36589,35035,PLAYERA
36590,35035,PLAYERA
36591,35035,PLAYERA
36592,35035,PLAYERA
35467,34873,PLAYERA SLIM FIT
35469,34873,PLAYERA SLIM FIT
35468,34873,PLAYERA SLIM FIT
35470,34874,PLAYERA SLIM FIT
35472,34874,PLAYERA SLIM FIT
35471,34874,PLAYERA SLIM FIT
35473,34875,PLAYERA SLIM FIT
35475,34875,PLAYERA SLIM FIT
35474,34875,PLAYERA SLIM FIT
35476,34876,PLAYERA SLIM FIT
35478,34876,PLAYERA SLIM FIT
35477,34876,PLAYERA SLIM FIT
36656,35039,PLAYERA REGULAR FIT
36657,35039,PLAYERA REGULAR FIT
36658,35039,PLAYERA REGULAR FIT
36677,35045,PLAYERA REGULAR FIT
36678,35045,PLAYERA REGULAR FIT
36679,35045,PLAYERA REGULAR FIT
36663,35041,PLAYERA REGULAR FIT
36664,35041,PLAYERA REGULAR FIT
36670,35043,PLAYERA REGULAR FIT
36671,35043,PLAYERA REGULAR FIT
36672,35043,PLAYERA REGULAR FIT
30182,5289,PLAYERA CUELLO REDONDO
30183,5289,PLAYERA CUELLO REDONDO
30187,5290,PLAYERA CUELLO REDONDO
30189,5290,PLAYERA CUELLO REDONDO
30188,5290,PLAYERA CUELLO REDONDO
30192,5291,PLAYERA CUELLO REDONDO
30194,5291,PLAYERA CUELLO REDONDO
30193,5291,PLAYERA CUELLO REDONDO
31061,5402,PLAYERA CUELLO V
31814,5594,PLAYERA CUELLO REDONDO
31815,5594,PLAYERA CUELLO REDONDO
31822,5596,PLAYERA CUELLO REDONDO
31823,5596,PLAYERA CUELLO REDONDO
34394,6077,PLAYERA CUELLO REDONDO
34397,6077,PLAYERA CUELLO REDONDO
32235,5678,PLAYERA CUELLO REDONDO
32237,5678,PLAYERA CUELLO REDONDO
31827,5597,PLAYERA CUELLO REDONDO
31834,5599,PLAYERA CUELLO REDONDO
31836,5599,PLAYERA CUELLO REDONDO
31835,5599,PLAYERA CUELLO REDONDO
31838,5600,PLAYERA CUELLO REDONDO
31842,5601,PLAYERA CUELLO REDONDO
35384,34858,PLAYERA CUELLO REDONDO
35387,34859,PLAYERA CUELLO REDONDO
35388,34859,PLAYERA CUELLO REDONDO
37261,35133,PLAYERA CUELLO REDONDO
37262,35133,PLAYERA CUELLO REDONDO
37263,35133,PLAYERA CUELLO REDONDO
31141,5463,PLAYERA CUELLO REDONDO
31142,5463,PLAYERA CUELLO REDONDO
31144,5464,PLAYERA CUELLO REDONDO
31147,5465,PLAYERA CUELLO REDONDO
31150,5465,PLAYERA CUELLO REDONDO
31152,5465,PLAYERA CUELLO REDONDO
31933,5466,PLAYERA CUELLO REDONDO
31935,5466,PLAYERA CUELLO REDONDO
31934,5466,PLAYERA CUELLO REDONDO
31156,5466,PLAYERA CUELLO REDONDO
31158,5466,PLAYERA CUELLO REDONDO
31157,5466,PLAYERA CUELLO REDONDO
31937,5466,PLAYERA CUELLO REDONDO
31938,5466,PLAYERA CUELLO REDONDO
35440,6078,PLAYERA CUELLO REDONDO
34409,6079,PLAYERA CUELLO REDONDO
35443,6080,PLAYERA CUELLO REDONDO
32557,5762,PLAYERA CUELLO REDONDO
32559,5762,PLAYERA CUELLO REDONDO
33373,5932,PLAYERA CUELLO REDONDO
33375,5932,PLAYERA CUELLO REDONDO
33374,5932,PLAYERA CUELLO REDONDO
32887,5842,PLAYERA CUELLO REDONDO
32889,5842,PLAYERA CUELLO REDONDO
32560,5763,PLAYERA CUELLO REDONDO
32562,5763,PLAYERA CUELLO REDONDO
32561,5763,PLAYERA CUELLO REDONDO
33350,5926,PLAYERA CUELLO REDONDO
33352,5926,PLAYERA CUELLO REDONDO
32890,5843,PLAYERA CUELLO REDONDO
32891,5843,PLAYERA CUELLO REDONDO
32609,5776,PLAYERA CUELLO REDONDO
32611,5776,PLAYERA CUELLO REDONDO
32610,5776,PLAYERA CUELLO REDONDO
32810,5817,PLAYERA CUELLO REDONDO
32812,5817,PLAYERA CUELLO REDONDO
32811,5817,PLAYERA CUELLO REDONDO
32612,5777,PLAYERA CUELLO REDONDO
32614,5777,PLAYERA CUELLO REDONDO
32613,5777,PLAYERA CUELLO REDONDO
32893,5844,PLAYERA CUELLO REDONDO
32895,5844,PLAYERA CUELLO REDONDO
35390,34860,PLAYERA CUELLO REDONDO
35391,34860,PLAYERA CUELLO REDONDO
35393,34860,PLAYERA CUELLO REDONDO
35395,34860,PLAYERA CUELLO REDONDO
35399,34860,PLAYERA CUELLO REDONDO
35446,6081,PLAYERA CUELLO REDONDO
34415,6081,PLAYERA CUELLO REDONDO
34417,6081,PLAYERA CUELLO REDONDO
33356,5928,PLAYERA CUELLO REDONDO
33358,5928,PLAYERA CUELLO REDONDO
33357,5928,PLAYERA CUELLO REDONDO
32813,5818,PLAYERA CUELLO REDONDO
32815,5818,PLAYERA CUELLO REDONDO
33078,5881,PLAYERA CUELLO REDONDO
33080,5881,PLAYERA CUELLO REDONDO
33079,5881,PLAYERA CUELLO REDONDO
33082,5882,PLAYERA CUELLO REDONDO
33084,5882,PLAYERA CUELLO REDONDO
33086,5883,PLAYERA CUELLO REDONDO
33178,5898,PLAYERA CUELLO REDONDO
33180,5898,PLAYERA CUELLO REDONDO
33090,5884,PLAYERA CUELLO REDONDO
33092,5884,PLAYERA CUELLO REDONDO
33091,5884,PLAYERA CUELLO REDONDO
33094,5885,PLAYERA CUELLO REDONDO
33095,5885,PLAYERA CUELLO REDONDO
33182,5899,PLAYERA CUELLO REDONDO
33098,5886,PLAYERA CUELLO REDONDO
33100,5886,PLAYERA CUELLO REDONDO
33099,5886,PLAYERA CUELLO REDONDO
33102,5887,PLAYERA CUELLO REDONDO
33186,5900,PLAYERA CUELLO REDONDO
33106,5888,PLAYERA CUELLO REDONDO
33107,5888,PLAYERA CUELLO REDONDO
33110,5889,PLAYERA CUELLO REDONDO
33190,5901,PLAYERA CUELLO REDONDO
33192,5901,PLAYERA CUELLO REDONDO
35449,6082,PLAYERA CUELLO REDONDO
35453,6082,PLAYERA CUELLO REDONDO
34435,6084,PLAYERA CUELLO REDONDO
34439,6084,PLAYERA CUELLO REDONDO
32619,5779,PLAYERA
32621,5779,PLAYERA
32620,5779,PLAYERA
32504,5743,PLAYERA
32506,5743,PLAYERA
32505,5743,PLAYERA
32507,5744,PLAYERA
32509,5744,PLAYERA
32508,5744,PLAYERA
33743,5993,PLAYERA CUELLO REDONDO
33745,5993,PLAYERA CUELLO REDONDO
33744,5993,PLAYERA CUELLO REDONDO
33747,5993,PLAYERA CUELLO REDONDO
33749,5993,PLAYERA CUELLO REDONDO
33748,5993,PLAYERA CUELLO REDONDO
33759,5995,PLAYERA CUELLO REDONDO
33761,5995,PLAYERA CUELLO REDONDO
33760,5995,PLAYERA CUELLO REDONDO
33763,5995,PLAYERA CUELLO REDONDO
33765,5995,PLAYERA CUELLO REDONDO
33764,5995,PLAYERA CUELLO REDONDO
33767,5995,PLAYERA CUELLO REDONDO
33769,5995,PLAYERA CUELLO REDONDO
33768,5995,PLAYERA CUELLO REDONDO
33771,5996,PLAYERA CUELLO REDONDO
33773,5996,PLAYERA CUELLO REDONDO
33772,5996,PLAYERA CUELLO REDONDO
33775,5996,PLAYERA CUELLO REDONDO
33777,5996,PLAYERA CUELLO REDONDO
33776,5996,PLAYERA CUELLO REDONDO
33779,5996,PLAYERA CUELLO REDONDO
33781,5996,PLAYERA CUELLO REDONDO
33780,5996,PLAYERA CUELLO REDONDO
33783,5996,PLAYERA CUELLO REDONDO
33785,5996,PLAYERA CUELLO REDONDO
33784,5996,PLAYERA CUELLO REDONDO
33787,5997,PLAYERA CUELLO MAO
33789,5997,PLAYERA CUELLO MAO
33788,5997,PLAYERA CUELLO MAO
33791,5997,PLAYERA CUELLO MAO
33793,5997,PLAYERA CUELLO MAO
33792,5997,PLAYERA CUELLO MAO
33795,5998,PLAYERA CUELLO REDONDO
33797,5998,PLAYERA CUELLO REDONDO
33796,5998,PLAYERA CUELLO REDONDO
33799,5999,PLAYERA CUELLO REDONDO
33801,5999,PLAYERA CUELLO REDONDO
33803,6000,PLAYERA CUELLO V
33805,6000,PLAYERA CUELLO V
33804,6000,PLAYERA CUELLO V
33815,6002,PLAYERA CUELLO REDONDO
33817,6002,PLAYERA CUELLO REDONDO
33816,6002,PLAYERA CUELLO REDONDO
35006,6053,PLAYERA CUELLO REDONDO
34132,6053,PLAYERA CUELLO REDONDO
34134,6053,PLAYERA CUELLO REDONDO
34133,6053,PLAYERA CUELLO REDONDO
34135,6053,PLAYERA CUELLO REDONDO
34137,6053,PLAYERA CUELLO REDONDO
34136,6053,PLAYERA CUELLO REDONDO
37264,35134,PLAYERA
37265,35134,PLAYERA
37266,35134,PLAYERA
34138,6053,PLAYERA CUELLO REDONDO
34140,6053,PLAYERA CUELLO REDONDO
34139,6053,PLAYERA CUELLO REDONDO
35007,6054,PLAYERA CUELLO REDONDO
34147,6055,PLAYERA  CUELLO REDONDO
34170,6057,PLAYERA CUELLO V
34172,6057,PLAYERA CUELLO V
34176,6057,PLAYERA CUELLO V
34177,6057,PLAYERA CUELLO V
33194,5902,PLAYERA CUELLO REDONDO
33195,5902,PLAYERA CUELLO REDONDO
33114,5890,PLAYERA CUELLO REDONDO
35402,34861,PLAYERA CUELLO REDONDO
35404,34861,PLAYERA CUELLO REDONDO
35403,34861,PLAYERA CUELLO REDONDO
35405,34862,PLAYERA CUELLO REDONDO
35411,34864,PLAYERA CUELLO REDONDO
35416,34865,PLAYERA CUELLO REDONDO
33819,6003,PLAYERA CUELLO V
33821,6003,PLAYERA CUELLO V
33820,6003,PLAYERA CUELLO V
33823,6003,PLAYERA CUELLO V
33825,6003,PLAYERA CUELLO V
33824,6003,PLAYERA CUELLO V
37267,35135,PLAYERA
37268,35135,PLAYERA
37269,35135,PLAYERA
33829,6004,PLAYERA CUELLO REDONDO
36593,35036,PLAYERA
36594,35036,PLAYERA
36595,35036,PLAYERA
33839,6005,PLAYERA CUELLO REDONDO
33841,6005,PLAYERA CUELLO REDONDO
33840,6005,PLAYERA CUELLO REDONDO
33843,6005,PLAYERA CUELLO REDONDO
33845,6005,PLAYERA CUELLO REDONDO
33844,6005,PLAYERA CUELLO REDONDO
33847,6005,PLAYERA CUELLO REDONDO
33849,6005,PLAYERA CUELLO REDONDO
33848,6005,PLAYERA CUELLO REDONDO
33851,6005,PLAYERA CUELLO REDONDO
33853,6005,PLAYERA CUELLO REDONDO
33852,6005,PLAYERA CUELLO REDONDO
33855,6006,PLAYERA CUELLO REDONDO
33857,6006,PLAYERA CUELLO REDONDO
33856,6006,PLAYERA CUELLO REDONDO
33859,6006,PLAYERA CUELLO REDONDO
33861,6006,PLAYERA CUELLO REDONDO
33860,6006,PLAYERA CUELLO REDONDO
33863,6006,PLAYERA CUELLO REDONDO
33865,6006,PLAYERA CUELLO REDONDO
33864,6006,PLAYERA CUELLO REDONDO
33867,6006,PLAYERA CUELLO REDONDO
33869,6006,PLAYERA CUELLO REDONDO
33868,6006,PLAYERA CUELLO REDONDO
33871,6007,PLAYERA CUELLO REDONDO
33873,6007,PLAYERA CUELLO REDONDO
33872,6007,PLAYERA CUELLO REDONDO
32899,5845,SUDADERA
36063,34964,SUDADERA CUELLO REDONDO
36064,34964,SUDADERA CUELLO REDONDO
36065,34964,SUDADERA CUELLO REDONDO
36067,34964,SUDADERA CUELLO REDONDO
36068,34964,SUDADERA CUELLO REDONDO
36069,34964,SUDADERA CUELLO REDONDO
36596,35037,SUDADERA
36597,35037,SUDADERA
36598,35037,SUDADERA
36599,35037,SUDADERA
36071,34965,SUDADERA
36072,34965,SUDADERA
36073,34965,SUDADERA
36167,34981,SUDADERA
36168,34981,SUDADERA
36169,34981,SUDADERA
36074,34966,SUDADERA
36075,34966,SUDADERA
36076,34966,SUDADERA
36077,34967,SUDADERA
36078,34967,SUDADERA
36079,34967,SUDADERA
36080,34968,SUDADERA
36081,34968,SUDADERA
36082,34968,SUDADERA
36083,34969,SUDADERA
36084,34969,SUDADERA
36085,34969,SUDADERA
36086,34970,SUDADERA
36087,34970,SUDADERA
36088,34970,SUDADERA
36090,34971,SUDADERA
36091,34971,SUDADERA
37270,35136,SUDADERA
37271,35136,SUDADERA
37272,35136,SUDADERA
37273,35136,SUDADERA
37274,35137,SUDADERA
37275,35137,SUDADERA
37276,35137,SUDADERA
37277,35138,SUDADERA
37278,35138,SUDADERA
37279,35138,SUDADERA
37280,35138,SUDADERA
36096,34972,SUDADERA
36097,34972,SUDADERA
36098,34972,SUDADERA
36099,34972,SUDADERA
37281,35139,SUDADERA
37282,35139,SUDADERA
37283,35139,SUDADERA
37284,35139,SUDADERA
37285,35139,SUDADERA
37286,35139,SUDADERA
37287,35139,SUDADERA
37288,35139,SUDADERA
37289,35139,SUDADERA
37290,35139,SUDADERA
37291,35139,SUDADERA
37292,35139,SUDADERA
36171,34982,SUDADERA
36172,34982,SUDADERA
36173,34982,SUDADERA
36121,34975,SUDADERA
36122,34975,SUDADERA
36123,34975,SUDADERA
36124,34975,SUDADERA
36125,34975,SUDADERA
36126,34975,SUDADERA
36127,34975,SUDADERA
37293,35140,SUDADERA
37294,35140,SUDADERA
37295,35140,SUDADERA
37296,35140,SUDADERA
37297,35140,SUDADERA
37298,35140,SUDADERA
37299,35140,SUDADERA
37300,35140,SUDADERA
37301,35140,SUDADERA
37302,35140,SUDADERA
37303,35140,SUDADERA
37304,35140,SUDADERA
35913,34947,SUDADERA CAPUCHA
35914,34947,SUDADERA CAPUCHA
35915,34947,SUDADERA CAPUCHA
35919,34947,SUDADERA CAPUCHA
26826,4920,SUDADERA CAPUCHA
35920,34948,SUDADERA CAPUCHA
35921,34948,SUDADERA CAPUCHA
35922,34948,SUDADERA CAPUCHA
35923,34948,SUDADERA CAPUCHA
35924,34948,SUDADERA CAPUCHA
35925,34948,SUDADERA CAPUCHA
35926,34948,SUDADERA CAPUCHA
35927,34948,SUDADERA CAPUCHA
35928,34948,SUDADERA CAPUCHA
35929,34948,SUDADERA CAPUCHA
35930,34948,SUDADERA CAPUCHA
35931,34948,SUDADERA CAPUCHA
35932,34948,SUDADERA CAPUCHA
35933,34948,SUDADERA CAPUCHA
35934,34948,SUDADERA CAPUCHA
35935,34948,SUDADERA CAPUCHA
35936,34948,SUDADERA CAPUCHA
35937,34948,SUDADERA CAPUCHA
35938,34948,SUDADERA CAPUCHA
35939,34948,SUDADERA CAPUCHA
25789,4744,SUDADERA CAPUCHA
25790,4744,SUDADERA CAPUCHA
29238,5200,SUDADERA CAPUCHA
29240,5200,SUDADERA CAPUCHA
29239,5200,SUDADERA CAPUCHA
29245,5200,SUDADERA CAPUCHA
29248,5200,SUDADERA CAPUCHA
29250,5200,SUDADERA CAPUCHA
29249,5200,SUDADERA CAPUCHA
29255,5200,SUDADERA CAPUCHA
29254,5200,SUDADERA CAPUCHA
29258,5200,SUDADERA CAPUCHA
29260,5200,SUDADERA CAPUCHA
29259,5200,SUDADERA CAPUCHA
29310,5204,SUDADERA CUELLO REDONDO
29309,5204,SUDADERA CUELLO REDONDO
29311,5204,SUDADERA CUELLO REDONDO
29313,5204,SUDADERA CUELLO REDONDO
29315,5204,SUDADERA CUELLO REDONDO
29314,5204,SUDADERA CUELLO REDONDO
29316,5204,SUDADERA CUELLO REDONDO
29318,5204,SUDADERA CUELLO REDONDO
29320,5204,SUDADERA CUELLO REDONDO
29319,5204,SUDADERA CUELLO REDONDO
29321,5204,SUDADERA CUELLO REDONDO
29323,5204,SUDADERA CUELLO REDONDO
29325,5204,SUDADERA CUELLO REDONDO
29324,5204,SUDADERA CUELLO REDONDO
29326,5204,SUDADERA CUELLO REDONDO
30055,5269,SUDADERA CAPUCHA
30057,5269,SUDADERA CAPUCHA
30056,5269,SUDADERA CAPUCHA
30060,5269,SUDADERA CAPUCHA
30062,5269,SUDADERA CAPUCHA
30061,5269,SUDADERA CAPUCHA
30065,5269,SUDADERA CAPUCHA
30067,5269,SUDADERA CAPUCHA
30066,5269,SUDADERA CAPUCHA
32242,5681,SUDADERA CUELLO REDONDO
32244,5681,SUDADERA CUELLO REDONDO
32243,5681,SUDADERA CUELLO REDONDO
32245,5681,SUDADERA CUELLO REDONDO
32247,5681,SUDADERA CUELLO REDONDO
32246,5681,SUDADERA CUELLO REDONDO
32818,5819,SUDADERA CUELLO REDONDO
33875,6008,SUDADERA CUELLO REDONDO
33877,6008,SUDADERA CUELLO REDONDO
35417,34866,SUDADERA
35418,34866,SUDADERA
35420,34867,SUDADERA
